id,title,slug,content,category,tags,author,date,status,meta_description,featured_image,excerpt
1,Cara Membuat Blog dengan Google Sheets,cara-membuat-blog-dengan-google-sheets,"Panduan lengkap untuk membuat blog sederhana yang terhubung dengan Google Sheets sebagai database. Dengan menggunakan Google Sheets, Anda dapat mengelola konten blog dengan mudah tanpa perlu database kompleks. Ini adalah solusi yang sempurna untuk blogger pemula yang ingin memiliki website professional tanpa biaya hosting database yang mahal.",Tutorial,"blog, google sheets, tutorial, web development",Admin,2025-01-18,published,Panduan lengkap untuk membuat blog dengan Google Sheets sebagai database,https://example.com/blog-image.jpg,Panduan singkat untuk membuat blog dengan Google Sheets
2,Optimasi SEO untuk Blog Sederhana,optimasi-seo-untuk-blog-sederhana,"Tips dan trik untuk mengoptimalkan SEO blog Anda. Mulai dari meta description yang tepat, penggunaan heading yang benar, hingga struktur URL yang SEO-friendly. SEO adalah kunci untuk meningkatkan visibilitas blog di mesin pencari seperti Google.",SEO,"seo, optimasi, blog, search engine",Admin,2025-01-17,published,Tips optimasi SEO untuk blog sederhana agar mudah ditemukan,https://example.com/seo-image.jpg,Tips optimasi SEO untuk blog Anda
3,Desain Responsif untuk Blog Modern,desain-responsif-untuk-blog-modern,"Pentingnya desain responsif dalam era mobile-first. Bagaimana membuat blog yang terlihat sempurna di semua perangkat, dari smartphone hingga desktop. Dengan Bootstrap 5 dan CSS modern, Anda dapat menciptakan pengalaman pengguna yang luar biasa.",Design,"responsive, design, mobile, ui/ux",Admin,2025-01-16,published,Panduan desain responsif untuk blog modern,https://example.com/design-image.jpg,Pentingnya desain responsif untuk blog modern
4,Integrasi API dengan Google Sheets,integrasi-api-dengan-google-sheets,"Cara mengintegrasikan Google Sheets API dengan aplikasi web Anda. Mulai dari setup API key hingga implementasi CRUD operations. Google Sheets API memberikan fleksibilitas untuk mengelola data dengan mudah.",Development,"api, google sheets, integration, development",Admin,2025-01-15,published,Panduan integrasi Google Sheets API dengan aplikasi web,https://example.com/api-image.jpg,Cara mengintegrasikan Google Sheets API
5,Deploy Blog ke Cloudflare Workers,deploy-blog-ke-cloudflare-workers,"Panduan step-by-step untuk deploy blog Anda ke Cloudflare Workers. Gratis, cepat, dan mudah digunakan untuk hosting blog sederhana. Cloudflare Workers memberikan performa global dengan latensi rendah.",Deployment,"cloudflare, workers, deploy, hosting",Admin,2025-01-14,published,Panduan deploy blog ke Cloudflare Workers secara gratis,https://example.com/deploy-image.jpg,Panduan deploy blog ke Cloudflare Workers
6,Membuat Konten Blog yang Menarik,membuat-konten-blog-yang-menarik,"Tips untuk membuat konten blog yang menarik dan engaging. Mulai dari pemilihan topik, struktur artikel, hingga penggunaan gambar yang tepat. Konten berkualitas adalah fondasi dari blog yang sukses.",Content,"content, blogging, writing, engagement",Admin,2025-01-13,published,Tips membuat konten blog yang menarik dan engaging,https://example.com/content-image.jpg,Tips membuat konten blog yang menarik
7,Monetisasi Blog untuk Pemula,monetisasi-blog-untuk-pemula,"Berbagai cara untuk memonetisasi blog Anda. Mulai dari Google AdSense, affiliate marketing, hingga sponsored content. Pelajari strategi yang tepat untuk menghasilkan income dari blog.",Monetization,"monetization, adsense, affiliate, income",Admin,2025-01-12,published,Panduan monetisasi blog untuk pemula,https://example.com/monetization-image.jpg,Cara memonetisasi blog untuk pemula
8,Keamanan Website dan Blog,keamanan-website-dan-blog,"Pentingnya keamanan website dan cara melindungi blog dari serangan cyber. SSL certificate, backup rutin, dan update regular adalah kunci keamanan yang baik.",Security,"security, ssl, backup, protection",Admin,2025-01-11,published,Panduan keamanan website dan blog,https://example.com/security-image.jpg,Pentingnya keamanan website dan blog
9,Analytics dan Tracking Blog,analytics-dan-tracking-blog,"Menggunakan Google Analytics untuk melacak performa blog. Memahami data visitor, bounce rate, dan konversi untuk mengoptimalkan strategi content marketing.",Analytics,"analytics, tracking, google analytics, metrics",Admin,2025-01-10,published,Panduan Google Analytics untuk blog,https://example.com/analytics-image.jpg,Menggunakan Google Analytics untuk blog
10,Future of Blogging 2025,future-of-blogging-2025,"Tren blogging di tahun 2025 dan beyond. AI content generation, voice search optimization, dan teknologi baru yang akan mengubah landscape blogging.",Trends,"trends, future, ai, voice search, 2025",Admin,2025-01-09,published,Tren blogging di tahun 2025 dan masa depan,https://example.com/future-image.jpg,Tren blogging di tahun 2025